stop_id,name,lat,lon,route
STAGECOACH,Stagecoach Hotel & Casino (Demo),36.915682,-116.751677,30
BEATTY_AIRPORT,Nye County Airport (Demo),36.868446,-116.784582,30
NANAA,North Ave / N A Ave (Demo),36.914944,-116.761472,40
NADAV,North Ave / D Ave N (Demo),36.914893,-116.76821,40
DADAN,Doing Ave / D Ave N (Demo),36.909489,-116.768242,40
EMSI,E Main St / S Irving St (Demo),36.905697,-116.76218,40
BULLFROG,Bullfrog (Demo),36.88108,-116.81797,10
FUR_CREEK_RES,Furnace Creek Resort (Demo),36.425288,-117.133162,20
AMV,Amargosa Valley (Demo),36.641496,-116.40094,50
